<metadata xml:lang="en"><Esri><CreaDate>20240402</CreaDate><CreaTime>17161500</CreaTime><ArcGISFormat>1.0</ArcGISFormat><SyncOnce>FALSE</SyncOnce><DataProperties><itemProps><itemName Sync="TRUE">Polylines_new</itemName><imsContentType Sync="TRUE">002</imsContentType><itemLocation><linkage Sync="TRUE">file://\\gislab.concordia.ca\personal\l_cowper\geog464\Finalproject\shapefiles\Polylines_new.shp</linkage><protocol Sync="TRUE">Local Area Network</protocol></itemLocation><itemSize Sync="TRUE">0.000</itemSize></itemProps><coordRef><type Sync="TRUE">Projected</type><geogcsn Sync="TRUE">GCS_WGS_1984</geogcsn><csUnits Sync="TRUE">Linear Unit: Meter (1.000000)</csUnits><projcsn Sync="TRUE">WGS_1984_Web_Mercator_Auxiliary_Sphere</projcsn><peXml Sync="TRUE">&lt;ProjectedCoordinateSystem xsi:type='typens:ProjectedCoordinateSystem' xmlns:xsi='http://www.w3.org/2001/XMLSchema-instance' xmlns:xs='http://www.w3.org/2001/XMLSchema' xmlns:typens='http://www.esri.com/schemas/ArcGIS/3.0.0'&gt;&lt;WKT&gt;PROJCS[&amp;quot;WGS_1984_Web_Mercator_Auxiliary_Sphere&amp;quot;,GEOGCS[&amp;quot;GCS_WGS_1984&amp;quot;,DATUM[&amp;quot;D_WGS_1984&amp;quot;,SPHEROID[&amp;quot;WGS_1984&amp;quot;,6378137.0,298.257223563]],PRIMEM[&amp;quot;Greenwich&amp;quot;,0.0],UNIT[&amp;quot;Degree&amp;quot;,0.0174532925199433]],PROJECTION[&amp;quot;Mercator_Auxiliary_Sphere&amp;quot;],PARAMETER[&amp;quot;False_Easting&amp;quot;,0.0],PARAMETER[&amp;quot;False_Northing&amp;quot;,0.0],PARAMETER[&amp;quot;Central_Meridian&amp;quot;,0.0],PARAMETER[&amp;quot;Standard_Parallel_1&amp;quot;,0.0],PARAMETER[&amp;quot;Auxiliary_Sphere_Type&amp;quot;,0.0],UNIT[&amp;quot;Meter&amp;quot;,1.0],AUTHORITY[&amp;quot;EPSG&amp;quot;,3857]]&lt;/WKT&gt;&lt;XOrigin&gt;-20037700&lt;/XOrigin&gt;&lt;YOrigin&gt;-30241100&lt;/YOrigin&gt;&lt;XYScale&gt;148923141.92838538&lt;/XYScale&gt;&lt;ZOrigin&gt;-100000&lt;/ZOrigin&gt;&lt;ZScale&gt;10000&lt;/ZScale&gt;&lt;MOrigin&gt;-100000&lt;/MOrigin&gt;&lt;MScale&gt;10000&lt;/MScale&gt;&lt;XYTolerance&gt;0.001&lt;/XYTolerance&gt;&lt;ZTolerance&gt;0.001&lt;/ZTolerance&gt;&lt;MTolerance&gt;0.001&lt;/MTolerance&gt;&lt;HighPrecision&gt;true&lt;/HighPrecision&gt;&lt;WKID&gt;102100&lt;/WKID&gt;&lt;LatestWKID&gt;3857&lt;/LatestWKID&gt;&lt;/ProjectedCoordinateSystem&gt;</peXml></coordRef><lineage><Process ToolSource="c:\program files\arcgis\pro\Resources\ArcToolbox\toolboxes\Data Management Tools.tbx\CopyFeatures" Date="20240402" Time="171617">CopyFeatures P:\geog464\Finalproject\2024-02-29_Request_plans_dwg\H\H12.dwg\Polyline P:\geog464\Finalproject\floorplans.gdb\H\H12_dwg_Polyline # # # #</Process><Process ToolSource="c:\program files\arcgis\pro\Resources\ArcToolbox\toolboxes\Data Management Tools.tbx\Merge" Date="20240403" Time="140411">Merge H12_dwg_Polyline;H11_dwg_Polyline;H10_dwg_Polyline;H9_dwg_Polyline;H8_dwg_Polyline;H7_dwg_Polyline;H6_dwg_Polyline;H5_dwg_Polyline;H4_dwg_Polyline;H3_dwg_Polyline;H2_dwg_Polyline;H1M_dwg_Polyline;H1_dwg_Polyline P:\geog464\Finalproject\floorplans.gdb\Polylines "Entity "Entity" true true false 16 Text 0 0,First,#,H12_dwg_Polyline,Entity,0,16,H11_dwg_Polyline,Entity,0,16,H10_dwg_Polyline,Entity,0,16,H9_dwg_Polyline,Entity,0,16,H8_dwg_Polyline,Entity,0,16,H7_dwg_Polyline,Entity,0,16,H6_dwg_Polyline,Entity,0,16,H5_dwg_Polyline,Entity,0,16,H4_dwg_Polyline,Entity,0,16,H3_dwg_Polyline,Entity,0,16,H2_dwg_Polyline,Entity,0,16,H1M_dwg_Polyline,Entity,0,16,H1_dwg_Polyline,Entity,0,16;Layer "Layer" true true false 255 Text 0 0,First,#,H12_dwg_Polyline,Layer,0,255,H11_dwg_Polyline,Layer,0,255,H10_dwg_Polyline,Layer,0,255,H9_dwg_Polyline,Layer,0,255,H8_dwg_Polyline,Layer,0,255,H7_dwg_Polyline,Layer,0,255,H6_dwg_Polyline,Layer,0,255,H5_dwg_Polyline,Layer,0,255,H4_dwg_Polyline,Layer,0,255,H3_dwg_Polyline,Layer,0,255,H2_dwg_Polyline,Layer,0,255,H1M_dwg_Polyline,Layer,0,255,H1_dwg_Polyline,Layer,0,255;RefName "RefName" true true false 255 Text 0 0,First,#,H12_dwg_Polyline,RefName,0,255,H11_dwg_Polyline,RefName,0,255,H10_dwg_Polyline,RefName,0,255,H9_dwg_Polyline,RefName,0,255,H8_dwg_Polyline,RefName,0,255,H7_dwg_Polyline,RefName,0,255,H6_dwg_Polyline,RefName,0,255,H5_dwg_Polyline,RefName,0,255,H4_dwg_Polyline,RefName,0,255,H3_dwg_Polyline,RefName,0,255,H2_dwg_Polyline,RefName,0,255,H1M_dwg_Polyline,RefName,0,255,H1_dwg_Polyline,RefName,0,255;DocName "DocName" true true false 255 Text 0 0,First,#,H12_dwg_Polyline,DocName,0,255,H11_dwg_Polyline,DocName,0,255,H10_dwg_Polyline,DocName,0,255,H9_dwg_Polyline,DocName,0,255,H8_dwg_Polyline,DocName,0,255,H7_dwg_Polyline,DocName,0,255,H6_dwg_Polyline,DocName,0,255,H5_dwg_Polyline,DocName,0,255,H4_dwg_Polyline,DocName,0,255,H3_dwg_Polyline,DocName,0,255,H2_dwg_Polyline,DocName,0,255,H1M_dwg_Polyline,DocName,0,255,H1_dwg_Polyline,DocName,0,255;DocType "DocType" true true false 32 Text 0 0,First,#,H12_dwg_Polyline,DocType,0,32,H11_dwg_Polyline,DocType,0,32,H10_dwg_Polyline,DocType,0,32,H9_dwg_Polyline,DocType,0,32,H8_dwg_Polyline,DocType,0,32,H7_dwg_Polyline,DocType,0,32,H6_dwg_Polyline,DocType,0,32,H5_dwg_Polyline,DocType,0,32,H4_dwg_Polyline,DocType,0,32,H3_dwg_Polyline,DocType,0,32,H2_dwg_Polyline,DocType,0,32,H1M_dwg_Polyline,DocType,0,32,H1_dwg_Polyline,DocType,0,32;DocUpdate "DocUpdate" true true false 8 Date 0 0,First,#,H12_dwg_Polyline,DocUpdate,-1,-1,H11_dwg_Polyline,DocUpdate,-1,-1,H10_dwg_Polyline,DocUpdate,-1,-1,H9_dwg_Polyline,DocUpdate,-1,-1,H8_dwg_Polyline,DocUpdate,-1,-1,H7_dwg_Polyline,DocUpdate,-1,-1,H6_dwg_Polyline,DocUpdate,-1,-1,H5_dwg_Polyline,DocUpdate,-1,-1,H4_dwg_Polyline,DocUpdate,-1,-1,H3_dwg_Polyline,DocUpdate,-1,-1,H2_dwg_Polyline,DocUpdate,-1,-1,H1M_dwg_Polyline,DocUpdate,-1,-1,H1_dwg_Polyline,DocUpdate,-1,-1;Shape_Length "Shape_Length" false true true 8 Double 0 0,First,#,H12_dwg_Polyline,Shape_Length,-1,-1,H11_dwg_Polyline,Shape_Length,-1,-1,H10_dwg_Polyline,Shape_Length,-1,-1,H9_dwg_Polyline,Shape_Length,-1,-1,H8_dwg_Polyline,Shape_Length,-1,-1,H7_dwg_Polyline,Shape_Length,-1,-1,H6_dwg_Polyline,Shape_Length,-1,-1,H5_dwg_Polyline,Shape_Length,-1,-1,H4_dwg_Polyline,Shape_Length,-1,-1,H3_dwg_Polyline,Shape_Length,-1,-1,H2_dwg_Polyline,Shape_Length,-1,-1,H1M_dwg_Polyline,Shape_Length,-1,-1,H1_dwg_Polyline,Shape_Length,-1,-1" ADD_SOURCE_INFO</Process><Process ToolSource="c:\program files\arcgis\pro\Resources\ArcToolbox\toolboxes\Conversion Tools.tbx\ExportFeatures" Date="20240403" Time="140610">ExportFeatures P:\geog464\Finalproject\floorplans.gdb\Polylines P:\geog464\Finalproject\shapefiles\Polylines.shp # NOT_USE_ALIAS "Entity "Entity" true true false 16 Text 0 0,First,#,P:\geog464\Finalproject\floorplans.gdb\Polylines,Entity,0,16;Layer "Layer" true true false 255 Text 0 0,First,#,P:\geog464\Finalproject\floorplans.gdb\Polylines,Layer,0,255;RefName "RefName" true true false 255 Text 0 0,First,#,P:\geog464\Finalproject\floorplans.gdb\Polylines,RefName,0,255;DocName "DocName" true true false 255 Text 0 0,First,#,P:\geog464\Finalproject\floorplans.gdb\Polylines,DocName,0,255;DocType "DocType" true true false 32 Text 0 0,First,#,P:\geog464\Finalproject\floorplans.gdb\Polylines,DocType,0,32;DocUpdate "DocUpdate" true true false 8 Date 0 0,First,#,P:\geog464\Finalproject\floorplans.gdb\Polylines,DocUpdate,-1,-1;MERGE_SRC "MERGE_SRC" true true false 255 Text 0 0,First,#,P:\geog464\Finalproject\floorplans.gdb\Polylines,MERGE_SRC,0,255;Shape_Length "Shape_Length" false true true 8 Double 0 0,First,#,P:\geog464\Finalproject\floorplans.gdb\Polylines,Shape_Length,-1,-1" #</Process><Process ToolSource="c:\program files\arcgis\pro\Resources\ArcToolbox\toolboxes\Data Management Tools.tbx\RepairGeometry" Date="20240404" Time="153630">RepairGeometry Polylines DELETE_NULL Esri</Process><Process ToolSource="c:\program files\arcgis\pro\Resources\ArcToolbox\toolboxes\Data Management Tools.tbx\RepairGeometry" Date="20240404" Time="153720">RepairGeometry Polylines DELETE_NULL OGC</Process><Process ToolSource="c:\program files\arcgis\pro\Resources\ArcToolbox\toolboxes\Conversion Tools.tbx\ExportFeatures" Date="20240410" Time="131751">ExportFeatures "Polylines selection" P:\geog464\Finalproject\floorplans.gdb\ALLSTAIRS # NOT_USE_ALIAS "Entity "Entity" true true false 16 Text 0 0,First,#,Polylines selection,Entity,0,16;Layer "Layer" true true false 254 Text 0 0,First,#,Polylines selection,Layer,0,254;RefName "RefName" true true false 254 Text 0 0,First,#,Polylines selection,RefName,0,254;DocName "DocName" true true false 254 Text 0 0,First,#,Polylines selection,DocName,0,254;DocType "DocType" true true false 32 Text 0 0,First,#,Polylines selection,DocType,0,32;DocUpdate "DocUpdate" true true false 8 Date 0 0,First,#,Polylines selection,DocUpdate,-1,-1;MERGE_SRC "MERGE_SRC" true true false 254 Text 0 0,First,#,Polylines selection,MERGE_SRC,0,254;Shape_Leng "Shape_Leng" true true false 19 Double 0 0,First,#,Polylines selection,Shape_Leng,-1,-1" #</Process><Process ToolSource="c:\program files\arcgis\pro\Resources\ArcToolbox\toolboxes\Conversion Tools.tbx\ExportFeatures" Date="20240410" Time="133430">ExportFeatures h2stairs P:\geog464\Finalproject\floorplans.gdb\h2stairs_ExportFeatures # NOT_USE_ALIAS "Entity "Entity" true true false 16 Text 0 0,First,#,h2stairs,Entity,0,16;Layer "Layer" true true false 254 Text 0 0,First,#,h2stairs,Layer,0,254;RefName "RefName" true true false 254 Text 0 0,First,#,h2stairs,RefName,0,254;DocName "DocName" true true false 254 Text 0 0,First,#,h2stairs,DocName,0,254;DocType "DocType" true true false 32 Text 0 0,First,#,h2stairs,DocType,0,32;DocUpdate "DocUpdate" true true false 8 Date 0 0,First,#,h2stairs,DocUpdate,-1,-1;MERGE_SRC "MERGE_SRC" true true false 254 Text 0 0,First,#,h2stairs,MERGE_SRC,0,254;Shape_Leng "Shape_Leng" true true false 8 Double 0 0,First,#,h2stairs,Shape_Leng,-1,-1;Shape_Length "Shape_Length" false true true 8 Double 0 0,First,#,h2stairs,Shape_Length,-1,-1" #</Process><Process ToolSource="c:\program files\arcgis\pro\Resources\ArcToolbox\toolboxes\Data Management Tools.tbx\Merge" Date="20240410" Time="133613">Merge h2stairs_ExportFeatures;ALLSTAIRSselec_ExportFeature3;LINES_export;lines_Merge P:\geog464\Finalproject\floorplans.gdb\LOC_POLYLINES "Entity "Entity" true true false 16 Text 0 0,First,#,h2stairs_ExportFeatures,Entity,0,16,ALLSTAIRSselec_ExportFeature3,Entity,0,16,LINES_export,Entity,0,16,lines_Merge,Entity,0,16;Layer "Layer" true true false 254 Text 0 0,First,#,h2stairs_ExportFeatures,Layer,0,254,ALLSTAIRSselec_ExportFeature3,Layer,0,254,LINES_export,Layer,0,254,lines_Merge,Layer,0,255;RefName "RefName" true true false 254 Text 0 0,First,#,h2stairs_ExportFeatures,RefName,0,254,ALLSTAIRSselec_ExportFeature3,RefName,0,254,LINES_export,RefName,0,254,lines_Merge,RefName,0,255;DocName "DocName" true true false 254 Text 0 0,First,#,h2stairs_ExportFeatures,DocName,0,254,ALLSTAIRSselec_ExportFeature3,DocName,0,254,LINES_export,DocName,0,254,lines_Merge,DocName,0,255;DocType "DocType" true true false 32 Text 0 0,First,#,h2stairs_ExportFeatures,DocType,0,32,ALLSTAIRSselec_ExportFeature3,DocType,0,32,LINES_export,DocType,0,32,lines_Merge,DocType,0,32;DocUpdate "DocUpdate" true true false 8 Date 0 0,First,#,h2stairs_ExportFeatures,DocUpdate,-1,-1,ALLSTAIRSselec_ExportFeature3,DocUpdate,-1,-1,LINES_export,DocUpdate,-1,-1,lines_Merge,DocUpdate,-1,-1;MERGE_SRC "MERGE_SRC" true true false 254 Text 0 0,First,#,h2stairs_ExportFeatures,MERGE_SRC,0,254,ALLSTAIRSselec_ExportFeature3,MERGE_SRC,0,254,LINES_export,MERGE_SRC,0,254,lines_Merge,MERGE_SRC,0,255;Shape_Leng "Shape_Leng" true true false 8 Double 0 0,First,#,h2stairs_ExportFeatures,Shape_Leng,-1,-1,ALLSTAIRSselec_ExportFeature3,Shape_Leng,-1,-1,LINES_export,Shape_Leng,-1,-1;Shape_Length "Shape_Length" false true true 8 Double 0 0,First,#,h2stairs_ExportFeatures,Shape_Length,-1,-1,ALLSTAIRSselec_ExportFeature3,Shape_Length,-1,-1,LINES_export,Shape_Length,-1,-1,lines_Merge,Shape_Length,-1,-1;Handle "Handle" true true false 16 Text 0 0,First,#,lines_Merge,Handle,0,16;LyrFrzn "LyrFrzn" true true false 2 Short 0 0,First,#,lines_Merge,LyrFrzn,-1,-1;LyrLock "LyrLock" true true false 2 Short 0 0,First,#,lines_Merge,LyrLock,-1,-1;LyrOn "LyrOn" true true false 2 Short 0 0,First,#,lines_Merge,LyrOn,-1,-1;LyrVPFrzn "LyrVPFrzn" true true false 2 Short 0 0,First,#,lines_Merge,LyrVPFrzn,-1,-1;LyrHandle "LyrHandle" true true false 16 Text 0 0,First,#,lines_Merge,LyrHandle,0,16;Color "Color" true true false 2 Short 0 0,First,#,lines_Merge,Color,-1,-1;EntColor "EntColor" true true false 2 Short 0 0,First,#,lines_Merge,EntColor,-1,-1;LyrColor "LyrColor" true true false 2 Short 0 0,First,#,lines_Merge,LyrColor,-1,-1;BlkColor "BlkColor" true true false 2 Short 0 0,First,#,lines_Merge,BlkColor,-1,-1;Linetype "Linetype" true true false 255 Text 0 0,First,#,lines_Merge,Linetype,0,255;EntLinetype "EntLinetype" true true false 255 Text 0 0,First,#,lines_Merge,EntLinetype,0,255;LyrLnType "LyrLnType" true true false 255 Text 0 0,First,#,lines_Merge,LyrLnType,0,255;BlkLinetype "BlkLinetype" true true false 255 Text 0 0,First,#,lines_Merge,BlkLinetype,0,255;Elevation "Elevation" true true false 8 Double 0 0,First,#,lines_Merge,Elevation,-1,-1;Thickness "Thickness" true true false 8 Double 0 0,First,#,lines_Merge,Thickness,-1,-1;LineWt "LineWt" true true false 2 Short 0 0,First,#,lines_Merge,LineWt,-1,-1;EntLineWt "EntLineWt" true true false 2 Short 0 0,First,#,lines_Merge,EntLineWt,-1,-1;LyrLineWt "LyrLineWt" true true false 2 Short 0 0,First,#,lines_Merge,LyrLineWt,-1,-1;BlkLineWt "BlkLineWt" true true false 2 Short 0 0,First,#,lines_Merge,BlkLineWt,-1,-1;LTScale "LTScale" true true false 8 Double 0 0,First,#,lines_Merge,LTScale,-1,-1;ExtX "ExtX" true true false 8 Double 0 0,First,#,lines_Merge,ExtX,-1,-1;ExtY "ExtY" true true false 8 Double 0 0,First,#,lines_Merge,ExtY,-1,-1;ExtZ "ExtZ" true true false 8 Double 0 0,First,#,lines_Merge,ExtZ,-1,-1;DocPath "DocPath" true true false 4096 Text 0 0,First,#,lines_Merge,DocPath,0,4096;DocVer "DocVer" true true false 16 Text 0 0,First,#,lines_Merge,DocVer,0,16;DocId "DocId" true true false 8 Double 0 0,First,#,lines_Merge,DocId,-1,-1;BARSCM1 "BARSCM1" true true false 4 Long 0 0,First,#,lines_Merge,BARSCM1,-1,-1;BARSCM2 "BARSCM2" true true false 4 Long 0 0,First,#,lines_Merge,BARSCM2,-1,-1;BARSCM3 "BARSCM3" true true false 255 Text 0 0,First,#,lines_Merge,BARSCM3,0,255;BARSCM0 "BARSCM0" true true false 4 Long 0 0,First,#,lines_Merge,BARSCM0,-1,-1;BARSCMSC "BARSCMSC" true true false 255 Text 0 0,First,#,lines_Merge,BARSCMSC,0,255" ADD_SOURCE_INFO</Process><Process ToolSource="c:\program files\arcgis\pro\Resources\ArcToolbox\toolboxes\Data Management Tools.tbx\UpdateSchema" Date="20240410" Time="142035">UpdateSchema "CIMDATA=&lt;CIMStandardDataConnection xsi:type='typens:CIMStandardDataConnection' xmlns:xsi='http://www.w3.org/2001/XMLSchema-instance' xmlns:xs='http://www.w3.org/2001/XMLSchema' xmlns:typens='http://www.esri.com/schemas/ArcGIS/3.0.0'&gt;&lt;WorkspaceConnectionString&gt;DATABASE=P:\geog464\Finalproject\floorplans.gdb&lt;/WorkspaceConnectionString&gt;&lt;WorkspaceFactory&gt;FileGDB&lt;/WorkspaceFactory&gt;&lt;Dataset&gt;LOC_POLYLINES&lt;/Dataset&gt;&lt;DatasetType&gt;esriDTFeatureClass&lt;/DatasetType&gt;&lt;/CIMStandardDataConnection&gt;" &lt;operationSequence&gt;&lt;workflow&gt;&lt;AlterField&gt;&lt;field_name&gt;Layer&lt;/field_name&gt;&lt;new_field_name&gt;dwg_ID&lt;/new_field_name&gt;&lt;field_type&gt;TEXT&lt;/field_type&gt;&lt;field_is_nullable&gt;True&lt;/field_is_nullable&gt;&lt;clear_field_alias&gt;False&lt;/clear_field_alias&gt;&lt;/AlterField&gt;&lt;/workflow&gt;&lt;workflow&gt;&lt;AlterField&gt;&lt;field_name&gt;RefName&lt;/field_name&gt;&lt;new_field_name&gt;location&lt;/new_field_name&gt;&lt;field_type&gt;TEXT&lt;/field_type&gt;&lt;field_is_nullable&gt;True&lt;/field_is_nullable&gt;&lt;clear_field_alias&gt;False&lt;/clear_field_alias&gt;&lt;/AlterField&gt;&lt;/workflow&gt;&lt;workflow&gt;&lt;AlterField&gt;&lt;field_name&gt;DocName&lt;/field_name&gt;&lt;new_field_name&gt;floor&lt;/new_field_name&gt;&lt;field_type&gt;TEXT&lt;/field_type&gt;&lt;field_is_nullable&gt;True&lt;/field_is_nullable&gt;&lt;clear_field_alias&gt;False&lt;/clear_field_alias&gt;&lt;/AlterField&gt;&lt;/workflow&gt;&lt;/operationSequence&gt;</Process><Process ToolSource="c:\program files\arcgis\pro\Resources\ArcToolbox\toolboxes\Conversion Tools.tbx\ExportFeatures" Date="20240410" Time="142244">ExportFeatures LOC_POLYLINES P:\geog464\Finalproject\floorplans.gdb\Polylines_new # NOT_USE_ALIAS "dwg_ID "Layer" true true false 254 Text 0 0,First,#,LOC_POLYLINES,dwg_ID,0,254;location "RefName" true true false 254 Text 0 0,First,#,LOC_POLYLINES,location,0,254;floor "DocName" true true false 254 Text 0 0,First,#,LOC_POLYLINES,floor,0,254;Shape_Length "Shape_Length" false true true 8 Double 0 0,First,#,LOC_POLYLINES,Shape_Length,-1,-1" #</Process><Process ToolSource="c:\program files\arcgis\pro\Resources\ArcToolbox\toolboxes\Conversion Tools.tbx\ExportFeatures" Date="20240410" Time="142439">ExportFeatures P:\geog464\Finalproject\floorplans.gdb\Polylines_new P:\geog464\Finalproject\shapefiles\Polylines_new.shp # NOT_USE_ALIAS "dwg_ID "Layer" true true false 254 Text 0 0,First,#,P:\geog464\Finalproject\floorplans.gdb\Polylines_new,dwg_ID,0,254;location "RefName" true true false 254 Text 0 0,First,#,P:\geog464\Finalproject\floorplans.gdb\Polylines_new,location,0,254;floor "DocName" true true false 254 Text 0 0,First,#,P:\geog464\Finalproject\floorplans.gdb\Polylines_new,floor,0,254;Shape_Length "Shape_Length" false true true 8 Double 0 0,First,#,P:\geog464\Finalproject\floorplans.gdb\Polylines_new,Shape_Length,-1,-1" #</Process></lineage></DataProperties><SyncDate>20240410</SyncDate><SyncTime>14243800</SyncTime><ModDate>20240410</ModDate><ModTime>14243800</ModTime></Esri><dataIdInfo><envirDesc Sync="TRUE">Microsoft Windows 10 Version 10.0 (Build 19045) ; Esri ArcGIS 13.0.3.36057</envirDesc><dataLang><languageCode value="eng" Sync="TRUE"></languageCode><countryCode value="CAN" Sync="TRUE"></countryCode></dataLang><idCitation><resTitle Sync="TRUE">Polylines_new</resTitle><presForm><PresFormCd value="005" Sync="TRUE"></PresFormCd></presForm></idCitation><spatRpType><SpatRepTypCd value="001" Sync="TRUE"></SpatRepTypCd></spatRpType></dataIdInfo><mdLang><languageCode value="eng" Sync="TRUE"></languageCode><countryCode value="CAN" Sync="TRUE"></countryCode></mdLang><distInfo><distFormat><formatName Sync="TRUE">Shapefile</formatName></distFormat><distTranOps><transSize Sync="TRUE">0.000</transSize></distTranOps></distInfo><mdHrLv><ScopeCd value="005" Sync="TRUE"></ScopeCd></mdHrLv><mdHrLvName Sync="TRUE">dataset</mdHrLvName><refSysInfo><RefSystem><refSysID><identCode code="3857" Sync="TRUE"></identCode><idCodeSpace Sync="TRUE">EPSG</idCodeSpace><idVersion Sync="TRUE">6.18.3(9.3.1.2)</idVersion></refSysID></RefSystem></refSysInfo><spatRepInfo><VectSpatRep><geometObjs Name="Polylines_new"><geoObjTyp><GeoObjTypCd value="002" Sync="TRUE"></GeoObjTypCd></geoObjTyp><geoObjCnt Sync="TRUE">0</geoObjCnt></geometObjs><topLvl><TopoLevCd value="001" Sync="TRUE"></TopoLevCd></topLvl></VectSpatRep></spatRepInfo><spdoinfo><ptvctinf><esriterm Name="Polylines_new"><efeatyp Sync="TRUE">Simple</efeatyp><efeageom code="3" Sync="TRUE"></efeageom><esritopo Sync="TRUE">FALSE</esritopo><efeacnt Sync="TRUE">0</efeacnt><spindex Sync="TRUE">FALSE</spindex><linrefer Sync="TRUE">TRUE</linrefer></esriterm></ptvctinf></spdoinfo><eainfo><detailed Name="Polylines_new"><enttyp><enttypl Sync="TRUE">Polylines_new</enttypl><enttypt Sync="TRUE">Feature Class</enttypt><enttypc Sync="TRUE">0</enttypc></enttyp><attr><attrlabl Sync="TRUE">FID</attrlabl><attalias Sync="TRUE">FID</attalias><attrtype Sync="TRUE">OID</attrtype><attwidth Sync="TRUE">4</attwidth><atprecis Sync="TRUE">0</atprecis><attscale Sync="TRUE">0</attscale><attrdef Sync="TRUE">Internal feature number.</attrdef><attrdefs Sync="TRUE">Esri</attrdefs><attrdomv><udom Sync="TRUE">Sequential unique whole numbers that are automatically generated.</udom></attrdomv></attr><attr><attrlabl Sync="TRUE">Shape</attrlabl><attalias Sync="TRUE">Shape</attalias><attrtype Sync="TRUE">Geometry</attrtype><attwidth Sync="TRUE">0</attwidth><atprecis Sync="TRUE">0</atprecis><attscale Sync="TRUE">0</attscale><attrdef Sync="TRUE">Feature geometry.</attrdef><attrdefs Sync="TRUE">Esri</attrdefs><attrdomv><udom Sync="TRUE">Coordinates defining the features.</udom></attrdomv></attr><attr><attrlabl Sync="TRUE">dwg_ID</attrlabl><attalias Sync="TRUE">dwg_ID</attalias><attrtype Sync="TRUE">String</attrtype><attwidth Sync="TRUE">254</attwidth><atprecis Sync="TRUE">0</atprecis><attscale Sync="TRUE">0</attscale></attr><attr><attrlabl Sync="TRUE">location</attrlabl><attalias Sync="TRUE">location</attalias><attrtype Sync="TRUE">String</attrtype><attwidth Sync="TRUE">254</attwidth><atprecis Sync="TRUE">0</atprecis><attscale Sync="TRUE">0</attscale></attr><attr><attrlabl Sync="TRUE">floor</attrlabl><attalias Sync="TRUE">floor</attalias><attrtype Sync="TRUE">String</attrtype><attwidth Sync="TRUE">254</attwidth><atprecis Sync="TRUE">0</atprecis><attscale Sync="TRUE">0</attscale></attr><attr><attrlabl Sync="TRUE">Shape_Leng</attrlabl><attalias Sync="TRUE">Shape_Leng</attalias><attrtype Sync="TRUE">Double</attrtype><attwidth Sync="TRUE">19</attwidth><atprecis Sync="TRUE">0</atprecis><attscale Sync="TRUE">0</attscale></attr></detailed></eainfo><mdDateSt Sync="TRUE">20240410</mdDateSt></metadata>
